{
  "resumen_general": {
    "total_gasto": 857426.85,
    "total_correctivo": 499710.6499999999,
    "total_preventivo": 357716.20000000007,
    "ratio_correctivo_preventivo": 1.4,
    "total_produccion_m3": 18825.55,
    "costo_por_m3": 45.55,
    "total_horas": 11398.0,
    "num_equipos": 41
  },
  "por_categoria": {
    "Cargadores Frontales": {
      "count": 4,
      "gasto_total": 160387.51,
      "correctivo": 76792.22,
      "preventivo": 83595.29,
      "horas_total": 1007.0,
      "porcentaje": 18.7,
      "ratio": 0.92
    },
    "Ollas Revolvedoras": {
      "count": 21,
      "gasto_total": 377312.35,
      "correctivo": 240788.92999999996,
      "preventivo": 136523.41999999998,
      "horas_total": 7140.0,
      "porcentaje": 44.0,
      "ratio": 1.76
    },
    "Plantas": {
      "count": 3,
      "gasto_total": 115215.79000000001,
      "correctivo": 87343.58000000002,
      "preventivo": 27872.21,
      "horas_total": 0,
      "porcentaje": 13.4,
      "ratio": 3.13
    },
    "Bombeo": {
      "count": 5,
      "gasto_total": 122237.01,
      "correctivo": 43769.06,
      "preventivo": 78467.95,
      "horas_total": 1687.0,
      "porcentaje": 14.3,
      "ratio": 0.56
    },
    "Vehículos": {
      "count": 3,
      "gasto_total": 45004.31,
      "correctivo": 38706.219999999994,
      "preventivo": 6298.09,
      "horas_total": 421.0,
      "porcentaje": 5.2,
      "ratio": 6.15
    },
    "Generadores": {
      "count": 2,
      "gasto_total": 24790.239999999998,
      "correctivo": 0,
      "preventivo": 24790.239999999998,
      "horas_total": 1143.0,
      "porcentaje": 2.9,
      "ratio": 0.0
    },
    "Otros Equipos": {
      "count": 3,
      "gasto_total": 12479.64,
      "correctivo": 12310.64,
      "preventivo": 169.0,
      "horas_total": 0,
      "porcentaje": 1.5,
      "ratio": 72.84
    }
  },
  "equipos": [
    {
      "id": "fcac5530-d8bf-4ad9-bcc0-3ea1d8062a88",
      "code": "CF-CATERPILLAR 938G",
      "name": "CF-CATERPILLAR 938G",
      "categoria": "Cargadores Frontales",
      "gasto_total": 76547.39,
      "correctivo": 74152.73,
      "preventivo": 2394.66,
      "horas": 83.0,
      "costo_por_hora": 922.2577108433735
    },
    {
      "id": "36312a22-0ae3-4002-989d-c6cd0b79583c",
      "code": "CR-08",
      "name": "INT- WORKSTAR 7600-310 - INTERNATIONAL",
      "categoria": "Ollas Revolvedoras",
      "gasto_total": 73481.04,
      "correctivo": 67657.62,
      "preventivo": 5823.42,
      "horas": 292.0,
      "costo_por_hora": 251.64739726027395
    },
    {
      "id": "63cb44fb-b23d-4b15-9a21-86b069d0cf5e",
      "code": "PLANTA 2",
      "name": "PLANTA 2 ",
      "categoria": "Plantas",
      "gasto_total": 68609.5,
      "correctivo": 48487.26,
      "preventivo": 20122.24,
      "horas": 0,
      "costo_por_hora": 0
    },
    {
      "id": "5235e988-c528-48b4-b191-be40465cba0b",
      "code": "CF-03",
      "name": "CARGADOR FRONTAL 524K - JOHN DEERE",
      "categoria": "Cargadores Frontales",
      "gasto_total": 52433.4,
      "correctivo": 2037.25,
      "preventivo": 50396.15,
      "horas": 361.0,
      "costo_por_hora": 145.2448753462604
    },
    {
      "id": "5a7ec58a-47e0-40b2-8fe9-9bf52d0c11ec",
      "code": "CR-07",
      "name": "INT- 7600-ISM-320 - INTERNATIONAL",
      "categoria": "Ollas Revolvedoras",
      "gasto_total": 45875.56,
      "correctivo": 45875.56,
      "preventivo": 0,
      "horas": 198.0,
      "costo_por_hora": 231.69474747474746
    },
    {
      "id": "b3e8eda4-a2fe-4675-a83c-347ee4b5ab9c",
      "code": "PLANTA 3 ",
      "name": "PLANTA 3 ",
      "categoria": "Plantas",
      "gasto_total": 45129.19,
      "correctivo": 38244.0,
      "preventivo": 6885.19,
      "horas": 0,
      "costo_por_hora": 0
    },
    {
      "id": "485f50e4-058e-405a-813a-3f1c4ee4c4c2",
      "code": "BOMBA PUTZMEISTER BP-02",
      "name": "BOMBA PUTZMEISTER 02",
      "categoria": "Bombeo",
      "gasto_total": 40901.689999999995,
      "correctivo": 969.06,
      "preventivo": 39932.63,
      "horas": 111.0,
      "costo_por_hora": 368.4836936936936
    },
    {
      "id": "4359b9c3-df94-41c1-92fa-1e94fa92c3f0",
      "code": "CAMION SITRAK BP-03",
      "name": "BOMBA-CAMION SITRAK 03",
      "categoria": "Bombeo",
      "gasto_total": 35500.0,
      "correctivo": 35500.0,
      "preventivo": 0,
      "horas": 168.0,
      "costo_por_hora": 211.3095238095238
    },
    {
      "id": "8fe88cc1-4f95-4bfc-a171-c45058e62d6e",
      "code": "PIPA AGUA",
      "name": "\tINTERNATIONAL-TRACTOCAMION-LONG CHASIS - INTERNATIONAL",
      "categoria": "Vehículos",
      "gasto_total": 33341.42,
      "correctivo": 33341.42,
      "preventivo": 0,
      "horas": 232.0,
      "costo_por_hora": 143.7130172413793
    },
    {
      "id": "c079ee01-76df-4bf7-a70e-0e61b7a1513f",
      "code": "CR-26",
      "name": "C7H 360HP 6X4 (AUTOMATICO) - SITRAK",
      "categoria": "Ollas Revolvedoras",
      "gasto_total": 30731.31,
      "correctivo": 4859.98,
      "preventivo": 25871.33,
      "horas": 500.0,
      "costo_por_hora": 61.46262
    },
    {
      "id": "ce82ced6-7a45-47f0-94cb-3ef7a89a2800",
      "code": "BP-04",
      "name": "C7H 360HP 6X4 (MANUAL) - SITRAK",
      "categoria": "Bombeo",
      "gasto_total": 30369.37,
      "correctivo": 4800.0,
      "preventivo": 25569.37,
      "horas": 515.0,
      "costo_por_hora": 58.969650485436894
    },
    {
      "id": "44e27064-09d3-4da1-acc6-33a9c6db97c2",
      "code": "CR-29",
      "name": "C7H 360HP 6X4 (AUTOMATICO) - SITRAK",
      "categoria": "Ollas Revolvedoras",
      "gasto_total": 29235.33,
      "correctivo": 3364.0,
      "preventivo": 25871.33,
      "horas": 656.0,
      "costo_por_hora": 44.5660518292683
    },
    {
      "id": "17016867-86b4-4b4f-ad45-355f9fa84f0d",
      "code": "CR-06",
      "name": "INT- WORKSTAR 7600-310 - INTERNATIONAL",
      "categoria": "Ollas Revolvedoras",
      "gasto_total": 28188.31,
      "correctivo": 28188.31,
      "preventivo": 0,
      "horas": 95.0,
      "costo_por_hora": 296.71905263157896
    },
    {
      "id": "1969d466-1f9b-455f-a29d-98fd2854b52a",
      "code": "CR-28",
      "name": "C7H 360HP 6X4 (AUTOMATICO) - SITRAK",
      "categoria": "Ollas Revolvedoras",
      "gasto_total": 28121.33,
      "correctivo": 2250.0,
      "preventivo": 25871.33,
      "horas": 594.0,
      "costo_por_hora": 47.3423063973064
    },
    {
      "id": "1a0a80e7-3d64-4af8-acc2-4c7732410a7c",
      "code": "CF-JOHN DEER 524K-II ",
      "name": "CARGADOR FRONTAL 524K II - JOHN DEERE",
      "categoria": "Cargadores Frontales",
      "gasto_total": 25239.140000000003,
      "correctivo": 602.24,
      "preventivo": 24636.9,
      "horas": 324.0,
      "costo_por_hora": 77.8985802469136
    },
    {
      "id": "6c729e3f-dfa8-4789-ae9b-bc5cfa1ee511",
      "code": "CR-04",
      "name": "KENWORTH-T460 - INTERNATIONAL",
      "categoria": "Ollas Revolvedoras",
      "gasto_total": 22878.0,
      "correctivo": 16992.0,
      "preventivo": 5886.0,
      "horas": 0,
      "costo_por_hora": 0
    },
    {
      "id": "6be57c11-a350-4e96-bbca-f3772483ee22",
      "code": "CR-16",
      "name": "C7H 360HP 6X4 (MANUAL) - SITRAK",
      "categoria": "Ollas Revolvedoras",
      "gasto_total": 22120.0,
      "correctivo": 22120.0,
      "preventivo": 0,
      "horas": 406.0,
      "costo_por_hora": 54.48275862068966
    },
    {
      "id": "895b96dd-c2ad-4c16-b106-8c6f974fd797",
      "code": "CR-19",
      "name": "C7H 360HP 6X4 (MANUAL) - SITRAK",
      "categoria": "Ollas Revolvedoras",
      "gasto_total": 19960.83,
      "correctivo": 0,
      "preventivo": 19960.83,
      "horas": 555.0,
      "costo_por_hora": 35.96545945945946
    },
    {
      "id": "001c8c0f-c3ae-4118-a94a-d83c06192b1b",
      "code": "CR-23",
      "name": "C7H 360HP 6X4 (AUTOMATICO) - SITRAK",
      "categoria": "Ollas Revolvedoras",
      "gasto_total": 19063.3,
      "correctivo": 16363.3,