{
  "gastos_q4": {
    "total": 841273.1300000001,
    "correctivo": 486841.3300000001,
    "preventivo": 354431.80000000005,
    "ratio": 1.3735825340728456,
    "total_oc": 132
  },
  "produccion_q4": {
    "total_m3": 26831.029999999995,
    "total_remisiones": 3422
  },
  "costo_por_m3": 31.354485086856535,
  "detalle_por_mes": {
    "10": {
      "correctivo": 227799.56,
      "preventivo": 156252.40000000002,
      "total": 384051.96,
      "m3": 11055.64,
      "costo_m3": 34.738102904942636
    },
    "11": {
      "correctivo": 199109.78,
      "preventivo": 130276.86,
      "total": 329386.64,
      "m3": 7391.6,
      "costo_m3": 44.56229233183614
    },
    "12": {
      "correctivo": 59931.99,
      "preventivo": 67902.54000000001,
      "total": 127834.53,
      "m3": 8383.79,
      "costo_m3": 15.247821092847028
    }
  }
}